Date,Open,High,Low,Close,Volume,Market Cap
2018-01-01,12596.01857,14298.86584,12395.28947,14033.56799,11818683014.0,230000000000.0
2018-01-02,14046.00276,14521.96554,12980.81113,13577.18855,9527935462.0,229000000000.0
2018-01-03,13644.69304,15468.20814,13195.87352,14938.17668,11519263413.0,235000000000.0
2018-01-04,14895.27537,15646.49864,14470.73767,15079.15218,15486225672.0,254000000000.0
2018-01-05,15168.97237,16708.70927,14286.66985,15163.89895,17853763691.0,251000000000.0
2018-01-06,15197.76475,17161.635,14878.04817,16989.16148,19609983790.0,272000000000.0
2018-01-07,17025.65642,17179.03357,16336.05622,17162.01641,18955266191.0,288000000000.0
2018-01-08,17147.5764,17147.5764,15811.12077,16515.28737,14928537113.0,285000000000.0
2018-01-09,16265.34084,18578.49314,13940.416,15218.63286,15332152746.0,263000000000.0
2018-01-10,15190.76115,16153.55621,14491.07305,14710.59636,16217162080.0,254000000000.0
2018-01-11,14705.36754,15065.00252,13822.1495,15065.00252,15928534701.0,241000000000.0
2018-01-12,15120.84411,15152.80451,13113.73774,13501.98144,15709420581.0,233000000000.0
2018-01-13,13571.75813,14364.99214,13108.29116,14089.11203,12799444154.0,232000000000.0
2018-01-14,14066.98128,14807.72901,14066.98128,14552.77603,11643386358.0,242000000000.0
2018-01-15,14535.05729,14661.4007,13123.35603,13815.42967,11121051176.0,231000000000.0
2018-01-16,13787.98921,14929.66735,13663.14242,13769.21644,10282025657.0,235000000000.0
2018-01-17,13797.97554,14430.17095,9963.101192,11445.84964,12240679658.0,206000000000.0
2018-01-18,11284.38864,11750.69524,9300.527455,11139.59209,15748924943.0,180000000000.0
2018-01-19,11201.99236,12348.93238,10755.67951,11305.3074,15847953324.0,193000000000.0
2018-01-20,11209.29194,12140.06162,10839.80303,11517.12995,11002606473.0,197000000000.0
2018-01-21,11571.61787,13482.69124,11571.61787,12961.20566,9405841904.0,213000000000.0
2018-01-22,12982.92075,12982.92075,11241.29591,11481.02513,8556846220.0,200000000000.0
2018-01-23,11529.52182,11950.61767,10164.07308,10917.30641,8135625787.0,189000000000.0
2018-01-24,10917.29084,11335.21575,10113.3804,10800.47262,9191153509.0,181000000000.0
2018-01-25,10821.59111,10821.59111,10821.59111,10821.59111,8473730460.0,182000000000.0
2018-01-26,11353.62685,11730.7456,11027.00545,11219.4367,8775510518.0,192000000000.0
2018-01-27,11203.60858,11668.42645,10406.80905,11123.95015,7926703936.0,187000000000.0
2018-01-28,11112.81785,11648.84804,10943.32371,11446.46873,7210080914.0,191000000000.0
2018-01-29,11492.65019,12113.07635,11460.24989,11865.23189,6719212830.0,198000000000.0
2018-01-30,11778.74425,11924.9553,11235.99591,11348.08379,4406818761.0,193000000000.0
2018-01-31,11365.34514,11366.82402,10003.92892,10084.49524,4488869928.0,181000000000.0
2018-02-01,10104.97187,10421.6627,9755.968518,10236.67507,5056861149.0,170000000000.0
2018-02-02,10269.84389,10332.94607,8700.332595,9171.249369,4557095327.0,162000000000.0
2018-02-03,9118.23127,9127.685961,7588.546351,8768.328115,5511338158.0,144000000000.0
2018-02-04,8763.536968,9417.790992,8173.729947,9191.270888,4856472806.0,151000000000.0
2018-02-05,9198.067914,9351.571884,7986.357859,8256.583798,3993493752.0,147000000000.0
2018-02-06,8215.505812,8343.181452,6665.107706,6905.959543,4795001557.0,130000000000.0
2018-02-07,6910.997302,7888.143213,5963.239119,7768.942755,5255682913.0,116000000000.0
2018-02-08,7714.073104,8503.327577,7221.33045,7587.933554,5174580851.0,134000000000.0
2018-02-09,7569.867387,8587.375057,7569.867387,8256.155151,4511057946.0,140000000000.0
2018-02-10,8266.287,8708.001259,7850.112866,8684.106762,4374319140.0,140000000000.0
2018-02-11,8697.342477,9080.51309,8282.274356,8624.238538,4794961601.0,147000000000.0
2018-02-12,8624.258121,8624.258121,7914.92155,8099.307366,3776449041.0,139000000000.0
2018-02-13,8120.351924,8968.577272,8120.351924,8863.252806,3543127387.0,146000000000.0
2018-02-14,8887.228307,8906.177327,8424.412411,8577.572064,3616243668.0,146000000000.0
2018-02-15,8564.700308,9518.54,8564.700308,9505.15,6626407147.0,153000000000.0
2018-02-16,9494.63,10183.83954,9408.506509,10117.07499,4739907421.0,166000000000.0
2018-02-17,10091.75021,10275.01237,9811.975773,10245.30885,4465120674.0,171000000000.0
2018-02-18,10234.61279,11123.13445,10164.86484,11095.6086,4558021814.0,181000000000.0
2018-02-19,11124.36049,11326.12751,10338.06995,10576.17556,5158247527.0,183000000000.0
2018-02-20,10562.64447,11224.55349,10512.36951,11191.90266,4101946825.0,184000000000.0
2018-02-21,11197.75978,11976.61948,11197.75978,11446.21506,4769640710.0,197000000000.0
2018-02-22,11436.16648,11436.16648,10502.25224,10680.36171,5508367042.0,185000000000.0
2018-02-23,10691.35053,11034.67135,9913.997707,9987.171846,5331192808.0,175000000000.0
2018-02-24,9972.72336,10493.76915,9732.257318,10348.06763,4784103252.0,171000000000.0
2018-02-25,10328.56737,10605.86942,9593.227151,9843.276427,3787518210.0,169000000000.0
2018-02-26,9844.51679,9958.1309,9413.02229,9699.647408,3265197229.0,163000000000.0
2018-02-27,9703.321916,10481.37088,9513.122941,10371.77268,3261955538.0,168000000000.0
2018-02-28,10388.88234,10913.29636,10256.80488,10736.49053,3915484543.0,179000000000.0
2018-03-01,10727.53513,11085.82487,10402.00726,10412.02401,3642202554.0,180000000000.0
2018-03-02,10423.58148,10974.71673,10375.2658,10929.7655,3441035104.0,180000000000.0
2018-03-03,10920.66207,11157.47957,10724.63082,11095.09196,4030692044.0,187000000000.0
2018-03-04,11094.23742,11531.36898,11094.23742,11494.89894,3526443821.0,192000000000.0
2018-03-05,11497.56432,11516.38357,11144.73568,11516.38357,3861373866.0,191000000000.0
2018-03-06,11502.66667,11622.50317,11394.62718,11527.56879,4219752284.0,195000000000.0
2018-03-07,11520.40245,11520.40245,10637.81971,10697.57229,4804420267.0,187000000000.0
2018-03-08,10721.47528,10869.53871,9701.56339,9968.268316,5234978813.0,178000000000.0
2018-03-09,9971.758251,10139.85028,9338.281975,9433.592923,4793198293.0,165000000000.0
2018-03-10,9411.715541,9479.824937,8497.330822,9345.521676,4328631178.0,152000000000.0
2018-03-11,9339.626813,9525.48427,8821.45607,8894.85712,4505811284.0,157000000000.0
2018-03-12,8856.718881,9704.329234,8581.458153,9570.367448,4665413194.0,154000000000.0
2018-03-13,9557.854233,9893.083613,8803.80121,9216.378706,5058109367.0,161000000000.0
2018-03-14,9179.776982,9481.708192,8948.052187,9208.440502,5095834460.0,156000000000.0
2018-03-15,9206.908111,9352.331545,8036.245911,8262.032897,4034218467.0,149000000000.0
2018-03-16,8255.725416,8417.992104,7750.225412,8291.944666,5294581212.0,138000000000.0
2018-03-17,8302.595689,8570.713787,7982.803114,8315.139163,4153900849.0,141000000000.0
2018-03-18,8294.104092,8325.924047,7795.17988,7906.38397,4224100753.0,137000000000.0
2018-03-19,7912.658935,8232.483152,7364.223838,8092.439642,4628590454.0,130000000000.0
2018-03-20,8195.616342,8662.302735,8153.67588,8588.661986,5074015988.0,144000000000.0
2018-03-21,8620.287306,9045.588198,8369.279766,8892.783654,4501108576.0,146000000000.0
2018-03-22,8907.399598,9173.541313,8862.636694,8978.01899,4432036552.0,153000000000.0
2018-03-23,8970.660358,9104.40392,8570.975758,8721.57,3735442601.0,149000000000.0
2018-03-24,8728.47,8865.051157,8342.776073,8865.051157,4026875184.0,145000000000.0
2018-03-25,8923.404783,9002.746569,8634.65403,8661.018753,3067943937.0,150000000000.0
2018-03-26,8554.421565,8680.428839,8425.566951,8466.556129,3029683212.0,146000000000.0
2018-03-27,8453.806862,8522.62869,7907.88547,8187.383924,2833668580.0,140000000000.0
2018-03-28,8171.701764,8210.957189,7786.080922,7828.221732,3702257445.0,136000000000.0
2018-03-29,7821.60587,8097.640957,7791.303084,7954.826953,3173707436.0,135000000000.0
2018-03-30,7947.627557,7976.070835,7010.869711,7178.058623,3386756377.0,128000000000.0
2018-03-31,7154.016617,7256.653697,6665.141403,6880.453144,4781184233.0,118000000000.0
2018-04-01,6875.890211,7188.22564,6842.080218,6955.124518,4072365791.0,119000000000.0
2018-04-02,6959.89062,7054.47748,6506.022091,6830.630577,3598865262.0,116000000000.0
2018-04-03,6841.725764,7116.935685,6806.530093,7061.622526,3914063317.0,119000000000.0
2018-04-04,7066.360265,7521.80505,7053.68567,7454.69179,4155294224.0,125000000000.0
2018-04-05,7454.194481,7454.194481,6791.910367,6840.93611,4231706035.0,121000000000.0
2018-04-06,6844.005785,6936.155484,6651.188594,6819.726657,4403251764.0,115000000000.0
2018-04-07,6796.855664,6869.360103,6601.406734,6637.296686,3711281114.0,114000000000.0
2018-04-08,6640.309471,7037.930491,6637.541563,6894.151859,3240556398.0,117000000000.0
2018-04-09,6898.345033,7076.715293,6898.345033,7000.923355,3056918181.0,119000000000.0
2018-04-10,7013.715304,7155.497904,6663.308517,6772.871609,3560325737.0,118000000000.0
2018-04-11,6782.532083,6876.318025,6710.130737,6844.301557,3585817439.0,115000000000.0
2018-04-12,6845.560832,6946.721491,6832.638659,6932.843296,3484554527.0,117000000000.0
2018-04-13,6933.971966,7824.357866,6788.545634,7821.822517,5569495530.0,124000000000.0
2018-04-14,7821.364049,8124.051804,7698.959083,7866.931623,7108692315.0,136000000000.0
2018-04-15,7862.979157,8084.181206,7806.771554,7910.243775,5221454292.0,135000000000.0
2018-04-16,7931.478615,8313.382622,7927.41885,8301.987534,4064566540.0,139000000000.0
2018-04-17,8306.24171,8344.618513,7899.380607,8038.471105,4364099389.0,137000000000.0
2018-04-18,8042.520382,8126.352752,7856.158342,7889.50363,4617797212.0,137000000000.0
2018-04-19,7898.148907,8168.591184,7888.236331,8133.862763,5174175283.0,137000000000.0
2018-04-20,8137.721564,8284.837636,8108.010268,8280.64311,5571921610.0,140000000000.0
2018-04-21,8279.071885,8872.532517,8247.720147,8813.044081,5856252722.0,143000000000.0
2018-04-22,8831.324168,8961.902201,8631.50547,8884.348604,6592572346.0,150000000000.0
2018-04-23,8890.882431,8959.354943,8766.335742,8787.210206,5388898212.0,151000000000.0
2018-04-24,8785.307708,8966.254422,8775.238205,8924.023356,5577263963.0,151000000000.0
2018-04-25,8927.498953,9715.110088,8924.774677,9715.110088,7015588900.0,158000000000.0
2018-04-26,9689.429015,9745.08596,8828.361916,8846.751895,9496007199.0,157000000000.0
2018-04-27,8858.958859,9274.510917,8698.795549,9268.527837,7840135345.0,151000000000.0
2018-04-28,9272.688509,9364.296828,8970.449551,8974.089791,6420471434.0,157000000000.0
2018-04-29,8945.682032,9402.661888,8905.423789,9337.281363,6044135770.0,157000000000.0
2018-04-30,9337.929478,9519.119729,9194.490547,9413.409305,6578695509.0,159000000000.0
2018-05-01,9412.933157,9463.94026,9173.147998,9240.335679,6189381727.0,159000000000.0
2018-05-02,9253.083883,9253.083883,8881.779114,9096.810022,6156448196.0,153000000000.0
2018-05-03,9084.637928,9244.477839,8996.732769,9236.704389,4980811639.0,156000000000.0
2018-05-04,9236.410635,9807.420824,9186.736181,9769.290293,6010894136.0,160000000000.0
2018-05-05,9758.943853,9790.006235,9597.486912,9718.724265,6816067137.0,164000000000.0
2018-05-06,9714.030902,9972.750074,9708.097851,9864.060649,5831668636.0,168000000000.0
2018-05-07,9869.313498,9960.408723,9495.756447,9666.853489,5579263732.0,164000000000.0
2018-05-08,9673.823719,9679.398283,9256.52455,9372.878004,5126629695.0,159000000000.0
2018-05-09,9380.792342,9468.199602,9136.383479,9233.687914,5187265754.0,158000000000.0
2018-05-10,9232.346558,9384.380916,9074.433277,9327.374047,5229298824.0,157000000000.0
2018-05-11,9314.428561,9393.068048,9037.392112,9037.392112,5032109490.0,158000000000.0
2018-05-12,9040.788665,9040.788665,8394.767463,8422.66381,5789182784.0,149000000000.0
2018-05-13,8416.407228,8640.197051,8196.315735,8488.213129,5465653039.0,144000000000.0
2018-05-14,8488.70753,8753.425966,8376.219102,8699.820503,4329079560.0,146000000000.0
2018-05-15,8696.818046,8895.462876,8347.174977,8740.312768,5019113654.0,147000000000.0
2018-05-16,8735.400032,8832.722902,8477.513111,8515.701134,5366406569.0,147000000000.0
2018-05-17,8508.251974,8508.674226,8164.504936,8343.900226,5131375183.0,141000000000.0
2018-05-18,8341.615725,8408.350502,8054.71466,8088.947899,4471142638.0,142000000000.0
2018-05-19,8093.34718,8258.631884,7968.007688,8236.681884,4472415562.0,138000000000.0
2018-05-20,8236.022403,8338.416559,8160.754425,8225.333519,3931791517.0,141000000000.0
2018-05-21,8232.481807,8538.388398,8177.72473,8499.1229,3622202463.0,143000000000.0
2018-05-22,8504.392246,8536.846506,8353.567839,8399.115042,3892425910.0,144000000000.0
2018-05-23,8398.980741,8398.980741,8016.111592,8032.093711,3751166479.0,141000000000.0
2018-05-24,8021.527115,8050.00318,7525.488248,7570.538188,4347099238.0,134000000000.0
2018-05-25,7558.332248,7740.093095,7340.474586,7576.278752,4962607292.0,129000000000.0
2018-05-26,7597.498837,7649.031063,7397.190789,7488.637221,4140362594.0,128000000000.0
2018-05-27,7483.923187,7574.745396,7344.829727,7349.788652,3196176484.0,128000000000.0
2018-05-28,7358.682109,7380.225321,7269.543824,7363.93676,3037874871.0,125000000000.0
2018-05-29,7366.647775,7442.193014,7141.115481,7149.250597,3215107343.0,124000000000.0
2018-05-30,7148.382787,7530.365298,7108.097718,7474.562016,3815081592.0,125000000000.0
2018-05-31,7475.380975,7572.028924,7330.941503,7411.621917,3899968538.0,127000000000.0
2018-06-01,7410.996883,7588.941668,7361.209309,7504.038587,3635904694.0,128000000000.0
2018-06-02,7503.960275,7590.623838,7411.831128,7525.473797,3534811211.0,128000000000.0
2018-06-03,7520.809781,7659.692451,7481.281345,7588.637728,3506256000.0,130000000000.0
2018-06-04,7586.635659,7709.254871,7567.496423,7684.931799,3988066392.0,131000000000.0
2018-06-05,7687.675752,7709.043781,7473.489414,7505.890508,3930562179.0,130000000000.0
2018-06-06,7504.612582,7628.660711,7407.337754,7612.115176,3615936275.0,128000000000.0
2018-06-07,7611.859044,7645.242998,7501.760893,7577.593405,3324816448.0,130000000000.0
2018-06-08,7576.087612,7711.707126,7576.087612,7654.789136,3371952935.0,131000000000.0
2018-06-09,7659.864,7677.597494,7564.965087,7622.637061,2974280009.0,130000000000.0
2018-06-10,7624.284,7658.105197,7559.667409,7559.667409,2724319399.0,130000000000.0
2018-06-11,7563.600993,7563.600993,6759.04614,6797.078904,3104326327.0,123000000000.0
2018-06-12,6804.106499,6851.118289,6721.954597,6847.943671,3827038712.0,116000000000.0
2018-06-13,6845.923064,6867.28703,6535.551159,6558.514878,3102008137.0,116000000000.0
2018-06-14,6559.943494,6599.514736,6283.231869,6308.396028,3295765433.0,111000000000.0
2018-06-15,6307.58885,6667.673554,6293.277845,6649.438347,3663602706.0,111000000000.0
2018-06-16,6650.926765,6652.572392,6470.053174,6473.773491,3114118487.0,112000000000.0
2018-06-17,6469.496413,6514.550897,6395.022991,6505.755311,2350148805.0,110000000000.0
2018-06-18,6500.435004,6541.234834,6459.314001,6461.213025,2039619864.0,111000000000.0
2018-06-19,6460.218405,6724.301589,6400.071429,6700.596021,2259399592.0,111000000000.0
2018-06-20,6705.753312,6754.452193,6677.957643,6722.636753,2930821031.0,115000000000.0
2018-06-21,6720.901573,6754.942346,6577.803076,6734.137828,3087939613.0,114000000000.0
2018-06-22,6734.137828,6770.207068,6695.896164,6711.941657,2901154212.0,115000000000.0
2018-06-23,6712.439403,6715.006409,6056.861989,6071.720089,3351734963.0,109000000000.0
2018-06-24,6073.054271,6244.375949,6070.106576,6156.300264,4089480600.0,105000000000.0
2018-06-25,6157.664108,6211.292125,5829.901535,6149.117943,3728670367.0,103000000000.0
2018-06-26,6149.963219,6289.175734,6113.991153,6238.074119,4343151231.0,106000000000.0
2018-06-27,6247.16349,6255.443513,6103.03072,6103.03072,3889799377.0,106000000000.0
2018-06-28,6108.081816,6172.527246,6049.848945,6108.694146,3736840201.0,104000000000.0
2018-06-29,6118.418332,6138.65547,5896.088025,5912.435446,3121465243.0,104000000000.0
2018-06-30,5910.738004,6180.342189,5847.32314,6127.560923,2839622172.0,101000000000.0
2018-07-01,6133.703977,6425.917485,6130.992663,6376.564855,3771289832.0,109000000000.0
2018-07-02,6385.423752,6409.365459,6310.846816,6364.401842,3508360443.0,109000000000.0
2018-07-03,6363.378352,6638.313861,6302.439983,6595.968717,3807596497.0,110000000000.0
2018-07-04,6595.975191,6645.83559,6483.564311,6534.644903,5004522313.0,113000000000.0
2018-07-05,6537.368502,6686.344375,6435.020217,6603.099909,4840988988.0,112000000000.0
2018-07-06,6612.111581,6636.326263,6492.340691,6532.499354,4643821208.0,113000000000.0
2018-07-07,6528.310929,6600.606901,6461.897553,6600.606901,4811073504.0,112000000000.0
2018-07-08,6594.777709,6725.931832,6528.997977,6718.701013,4981676690.0,113000000000.0
2018-07-09,6715.37828,6759.512217,6687.64458,6711.7568,4983369409.0,115000000000.0
2018-07-10,6713.143583,6746.343655,6664.513133,6669.99851,4925375835.0,115000000000.0
2018-07-11,6670.315363,6677.743512,6316.171328,6319.83561,4677923064.0,111000000000.0
2018-07-12,6318.74122,6390.003178,6318.74122,6367.687185,3967828330.0,109000000000.0
2018-07-13,6369.83685,6375.149278,6129.642443,6202.442176,3447735128.0,107000000000.0
2018-07-14,6217.319818,6294.955455,6181.047378,6215.784718,3821904703.0,107000000000.0
2018-07-15,6220.174225,6264.895759,6195.279637,6250.050407,3734323550.0,107000000000.0
2018-07-16,6250.324791,6381.087798,6236.637067,6346.599551,3455989686.0,108000000000.0
2018-07-17,6349.113033,6705.492444,6336.933529,6705.492444,4630543497.0,112000000000.0
2018-07-18,6698.843899,7347.954698,6666.153806,7317.330034,5419192993.0,117000000000.0
2018-07-19,7313.602736,7506.522682,7293.696027,7353.883851,6330311100.0,127000000000.0
2018-07-20,7349.626445,7480.491111,7289.406628,7443.660646,5846088135.0,127000000000.0
2018-07-21,7444.56841,7552.76424,7305.638275,7329.843348,4966521400.0,127000000000.0
2018-07-22,7330.341057,7410.512438,7264.995036,7400.986497,4512259647.0,126000000000.0
2018-07-23,7398.45221,7535.76737,7381.602713,7391.747574,3665112372.0,128000000000.0
2018-07-24,7386.710266,7753.766991,7375.794247,7712.930732,4687601680.0,131000000000.0
2018-07-25,7715.394161,8349.100819,7704.861421,8338.94062,5764717501.0,138000000000.0
2018-07-26,8343.380119,8416.620991,8070.16926,8179.363887,6176077122.0,141000000000.0
2018-07-27,8165.597549,8280.383113,7874.765232,7933.673932,4940766515.0,141000000000.0
2018-07-28,7925.661361,8261.135335,7834.490761,8158.491094,4974252391.0,138000000000.0
2018-07-29,8172.875761,8218.909622,8094.790455,8195.281388,4271083963.0,140000000000.0
2018-07-30,8230.522037,8273.04121,8130.355937,8211.614335,3666674349.0,141000000000.0
2018-07-31,8218.147752,8237.120087,7885.594529,8181.184914,4448141892.0,140000000000.0
2018-08-01,8174.64174,8174.64174,7662.792136,7752.144492,5247534992.0,136000000000.0
2018-08-02,7744.631395,7747.417375,7492.216628,7596.721803,4823441462.0,130000000000.0
2018-08-03,7600.558994,7685.923379,7508.516749,7551.493153,4163829164.0,131000000000.0
2018-08-04,7548.457736,7548.457736,7309.308752,7422.438043,4091971160.0,127000000000.0
2018-08-05,7423.369337,7491.7418,6967.69686,7017.844894,3860203505.0,125000000000.0
2018-08-06,7021.618543,7076.470274,6924.906452,7041.990104,3682909104.0,121000000000.0
2018-08-07,7040.944983,7144.007979,6869.734955,6935.713092,3306255574.0,120000000000.0
2018-08-08,6945.218332,7140.708762,6722.266221,6732.82669,3700827846.0,120000000000.0
2018-08-09,6736.300264,6736.300264,6205.352344,6281.517374,4609610922.0,111000000000.0
2018-08-10,6291.645098,6629.937974,6248.586464,6563.764604,4210397001.0,110000000000.0
2018-08-11,6556.799002,6587.10507,6109.974095,6183.831056,4181392944.0,110000000000.0
2018-08-12,6178.816153,6460.502986,6100.812339,6293.915942,4185821571.0,107000000000.0
2018-08-13,6269.572356,6433.372534,6227.371135,6342.511734,3631377731.0,109000000000.0
2018-08-14,6342.495381,6509.961457,6209.058763,6284.928115,3625488362.0,110000000000.0
2018-08-15,6287.053221,6287.053221,5952.33538,6207.11752,4314826468.0,105000000000.0
2018-08-16,6217.842249,6594.442382,6217.842249,6306.298266,4271528735.0,110000000000.0
2018-08-17,6302.073567,6475.480838,6263.536971,6329.69734,4159955398.0,110000000000.0
2018-08-18,6339.303346,6587.627902,6331.717334,6587.234439,4220932607.0,112000000000.0
2018-08-19,6597.212073,6628.429298,6345.785261,6420.016879,4098661004.0,111000000000.0
2018-08-20,6416.237391,6543.637614,6354.653623,6509.311913,3185408872.0,111000000000.0
2018-08-21,6504.064719,6539.184995,6277.402389,6291.971192,3226319435.0,111000000000.0
2018-08-22,6284.246452,6494.949182,6282.055268,6482.48094,3352928439.0,110000000000.0
2018-08-23,6481.300216,6820.081467,6319.84835,6376.530714,3605706790.0,114000000000.0
2018-08-24,6379.980149,6545.659035,6379.980149,6528.524415,3432974935.0,111000000000.0
2018-08-25,6534.230351,6721.363282,6501.066967,6709.592961,3159935179.0,113000000000.0
2018-08-26,6703.50453,6787.241349,6682.141058,6745.155573,3482620042.0,116000000000.0
2018-08-27,6740.966519,6763.799067,6594.151992,6705.158423,2897692512.0,115000000000.0
2018-08-28,6708.159869,6885.057976,6671.239735,6883.391277,3208584744.0,116000000000.0
2018-08-29,6892.11882,7116.23749,6870.993673,7082.637385,4088489332.0,120000000000.0
2018-08-30,7080.255896,7118.60906,6960.460368,7036.643094,4017126669.0,122000000000.0
2018-08-31,7036.431587,7058.898977,6832.739176,6973.880312,3821615060.0,120000000000.0
2018-09-01,6977.184897,7056.498152,6905.339149,7018.26405,3847879825.0,120000000000.0
2018-09-02,7011.745045,7238.263496,7011.745045,7193.248733,3736417381.0,122000000000.0
2018-09-03,7189.711798,7303.005791,7126.75376,7277.239549,4026452650.0,125000000000.0
2018-09-04,7278.253609,7324.290652,7185.260349,7268.864743,3587720775.0,125000000000.0
2018-09-05,7267.905332,7399.96284,7246.754356,7360.989295,3585026575.0,126000000000.0
2018-09-06,7364.127452,7391.519913,6714.906125,6714.906125,4063479415.0,123000000000.0
2018-09-07,6720.246796,6720.246796,6371.902785,6519.675095,5128823495.0,111000000000.0
2018-09-08,6527.528801,6551.343072,6367.814558,6436.841435,3604584134.0,112000000000.0
2018-09-09,6432.032384,6495.347505,6164.499002,6214.51545,3029596738.0,110000000000.0
2018-09-10,6213.220556,6434.372794,6186.808464,6277.682277,3170107868.0,109000000000.0
2018-09-11,6274.807969,6364.054074,6274.807969,6330.669843,2898910709.0,109000000000.0
2018-09-12,6328.687636,6391.775976,6232.734067,6306.694006,2960797320.0,109000000000.0
2018-09-13,6311.36973,6365.050838,6243.02135,6359.149645,3072304773.0,109000000000.0
2018-09-14,6356.884592,6530.988605,6356.884592,6501.145617,3265539092.0,112000000000.0
2018-09-15,6498.18277,6585.306525,6440.80643,6509.223086,3449529789.0,112000000000.0
2018-09-16,6500.848562,6566.827241,6491.857333,6537.211073,2906742501.0,113000000000.0
2018-09-17,6535.007313,6535.007313,6432.952919,6512.152478,2612709364.0,112000000000.0
2018-09-18,6512.220343,6540.852093,6241.767743,6274.229074,2835108019.0,111000000000.0
2018-09-19,6275.496064,6392.264991,6256.129769,6363.858467,3249090129.0,109000000000.0
2018-09-20,6358.739055,6490.634397,6178.636654,6397.127392,3147521552.0,110000000000.0
2018-09-21,6399.795216,6513.945958,6366.826294,6497.019131,3420591798.0,111000000000.0
2018-09-22,6493.152931,6752.404966,6493.152931,6744.696981,4903492829.0,115000000000.0
2018-09-23,6736.854333,6801.843227,6616.383582,6707.238115,4979240365.0,116000000000.0
2018-09-24,6707.056771,6772.406208,6676.568041,6709.838127,3519712890.0,116000000000.0
2018-09-25,6709.093373,6725.147576,6575.646352,6586.794102,3574785844.0,115000000000.0
2018-09-26,6588.874653,6588.874653,6376.748409,6438.627759,3810213971.0,111000000000.0
2018-09-27,6445.34633,6551.841402,6402.489429,6479.083948,3710739996.0,112000000000.0
2018-09-28,6472.989477,6708.890308,6456.868937,6676.851173,3534387056.0,113000000000.0
2018-09-29,6680.315861,6780.342952,6572.820589,6641.955563,3950139503.0,115000000000.0
2018-09-30,6639.133514,6639.133514,6499.126781,6600.212125,3667760047.0,114000000000.0
2018-10-01,6594.92783,6642.932345,6555.154058,6619.480812,3156173084.0,114000000000.0
2018-10-02,6624.023395,6653.039249,6531.89659,6596.018098,3103181637.0,114000000000.0
2018-10-03,6596.42543,6609.789765,6521.248995,6534.415121,2973884241.0,114000000000.0
2018-10-04,6539.365527,6540.727213,6450.163787,6505.256156,3109636692.0,112000000000.0
2018-10-05,6502.281941,6613.382645,6499.81967,6574.045632,2889072642.0,114000000000.0
2018-10-06,6577.590428,6646.669404,6549.521307,6626.550323,2672396691.0,114000000000.0
2018-10-07,6628.529625,6629.70296,6567.122764,6590.995726,2497460196.0,114000000000.0
2018-10-08,6591.961724,6629.59916,6544.872515,6595.637642,2328395842.0,114000000000.0
2018-10-09,6602.290458,6681.33905,6583.792576,6657.272478,2719149066.0,115000000000.0
2018-10-10,6656.124595,6663.221711,6606.326818,6646.658367,2895217737.0,115000000000.0
2018-10-11,6646.182522,6646.182522,6532.790679,6599.428021,2892787743.0,114000000000.0
2018-10-12,6597.074973,6597.074973,6223.701469,6252.437099,3856048836.0,109000000000.0
2018-10-13,6245.131457,6339.634868,6218.533471,6293.90483,3568675355.0,109000000000.0
2018-10-14,6291.160228,6325.159139,6286.921219,6325.159139,2707685988.0,109000000000.0
2018-10-15,6322.634878,6382.174804,6312.444607,6321.811255,2473293529.0,110000000000.0
2018-10-16,6325.070599,7241.013387,6297.967733,6576.759501,4839273501.0,114000000000.0
2018-10-17,6569.00387,6656.351196,6526.208311,6552.077685,4349704177.0,114000000000.0
2018-10-18,6556.349144,6578.4743,6491.219641,6520.256441,3451052342.0,113000000000.0
2018-10-19,6520.905375,6540.466032,6461.579151,6479.295676,3281648436.0,113000000000.0
2018-10-20,6480.163638,6495.135872,6450.301251,6455.39574,3173937549.0,112000000000.0
2018-10-21,6456.360439,6472.939716,6439.166421,6461.901011,2966669746.0,112000000000.0
2018-10-22,6465.94055,6505.716811,6429.063842,6475.861332,2678968945.0,113000000000.0
2018-10-23,6477.219324,6494.296006,6448.567205,6466.252678,2956097583.0,112000000000.0
2018-10-24,6465.943344,6474.399472,6416.734025,6423.905004,3291200247.0,112000000000.0
2018-10-25,6423.513294,6490.190728,6413.60395,6433.06548,3363537343.0,112000000000.0
2018-10-26,6433.232272,6440.656014,6396.052902,6420.365573,3484524078.0,111000000000.0
2018-10-27,6420.863227,6426.947032,6385.627746,6416.405872,3097524567.0,111000000000.0
2018-10-28,6418.620771,6430.371869,6392.843437,6416.188305,2928172852.0,111000000000.0
2018-10-29,6416.549408,6464.692942,6381.139302,6406.221101,2906079102.0,111000000000.0
2018-10-30,6406.269061,6407.649452,6242.814052,6252.273571,3093193492.0,110000000000.0
2018-10-31,6255.057568,6304.135099,6255.057568,6284.585339,3434096462.0,109000000000.0
2018-11-01,6283.631829,6323.643163,6238.63729,6298.837501,3286097616.0,109000000000.0
2018-11-02,6299.903907,6396.22372,6293.04533,6368.306136,3290643879.0,110000000000.0
2018-11-03,6368.621545,6443.403657,6368.621545,6407.751479,3392903656.0,111000000000.0
2018-11-04,6408.420166,6408.532431,6360.144863,6387.91703,3206344282.0,111000000000.0
2018-11-05,6386.90985,6483.225449,6372.297571,6456.241631,3464581702.0,111000000000.0
2018-11-06,6458.928434,6460.083842,6402.33027,6413.987438,3957885847.0,112000000000.0
2018-11-07,6406.484869,6444.682645,6381.013881,6428.294585,4020828315.0,111000000000.0
2018-11-08,6437.632241,6546.917805,6432.383204,6526.820154,4327547730.0,113000000000.0
2018-11-09,6526.888624,6545.123286,6463.988822,6468.139286,4001027787.0,113000000000.0
2018-11-10,6470.006229,6479.868232,6385.63903,6397.943423,3774750025.0,112000000000.0
2018-11-11,6395.744478,6423.770311,6395.744478,6399.518804,3377807844.0,111000000000.0
2018-11-12,6400.034597,6419.629802,6364.816155,6407.676509,3237576630.0,111000000000.0
2018-11-13,6411.278115,6431.821642,6354.97499,6364.393922,3115460519.0,111000000000.0
2018-11-14,6371.73323,6391.559008,6337.928083,6371.367486,3142925618.0,111000000000.0
2018-11-15,6361.400405,6382.556325,5560.88072,5747.076679,4014854969.0,107000000000.0
2018-11-16,5781.032657,5801.395589,5376.450571,5654.723204,6458882429.0,97554149325.0
2018-11-17,5654.209988,5674.911746,5555.684496,5627.478697,4458433780.0,97816773176.0
2018-11-18,5634.790942,5637.3692,5582.244808,5631.540424,3341914743.0,97484707041.0
2018-11-19,5631.943422,5676.508479,5612.226553,5647.479577,2911353905.0,98099364144.0
2018-11-20,5651.276824,5653.306826,4858.770198,4893.020433,3984630709.0,92033798170.0
2018-11-21,4871.837128,4970.283673,4274.174494,4470.864068,6200899670.0,80505402156.0
2018-11-22,4502.466998,4722.888985,4355.940984,4609.512684,5864613009.0,78662243547.0
2018-11-23,4604.937872,4640.486229,4377.54577,4377.54577,3559480940.0,78878360571.0
2018-11-24,4345.661016,4408.549466,4219.987384,4374.323227,3403581481.0,75242729630.0
2018-11-25,4369.208187,4437.124274,3822.14337,3894.620254,2981154609.0,74836811587.0
2018-11-26,3886.472347,4110.040082,3596.008061,4008.329436,4489490623.0,66596064263.0
2018-11-27,3994.418822,4091.502639,3665.565457,3801.729367,4770358621.0,68102045614.0
2018-11-28,3800.600009,3873.265853,3679.708117,3835.01659,4439296219.0,65601561665.0
2018-11-29,3837.958523,4377.610226,3837.958523,4256.464556,4676357419.0,71253168046.0
2018-11-30,4255.275505,4429.73021,4152.042747,4295.392323,4938676330.0,74359450094.0
2018-12-01,4303.987285,4331.594554,3968.034995,4030.044494,4195701633.0,71944047206.0
2018-12-02,4036.229875,4288.118115,3977.624456,4208.469723,3729733004.0,71909725614.0
2018-12-03,4206.215757,4291.695879,4118.785078,4143.979048,3302972568.0,72782116451.0
2018-12-04,4150.82731,4162.639731,3868.407785,3905.390427,3248618118.0,69577166094.0
2018-12-05,3905.489739,4080.018655,3847.851237,3959.996646,3412849904.0,69101241736.0
2018-12-06,3965.363499,3973.93852,3777.504598,3778.6441,3223065038.0,67477483664.0
2018-12-07,3772.882545,3880.13015,3530.420581,3530.420581,3526083512.0,65487218498.0
2018-12-08,3524.903843,3524.903843,3279.32688,3424.127676,4339092126.0,59430360548.0
2018-12-09,3429.741618,3498.50341,3328.189753,3465.344049,4006131236.0,59637373127.0
2018-12-10,3457.419526,3669.370224,3438.486015,3586.572261,3223762331.0,61354932799.0
2018-12-11,3583.500415,3620.70227,3425.449092,3464.835871,3018304106.0,61279573412.0
2018-12-12,3462.686886,3475.454581,3364.134936,3394.218703,2910200652.0,59516580426.0
2018-12-13,3397.148742,3515.635434,3380.722529,3471.915387,2888792463.0,60044678954.0
2018-12-14,3475.395333,3480.81768,3302.788527,3314.351766,2600813123.0,59484285858.0
2018-12-15,3315.712263,3334.267258,3199.344541,3236.70091,2873115299.0,57247895834.0
2018-12-16,3239.810072,3269.71013,3188.542617,3244.865925,2573365294.0,56328163571.0
2018-12-17,3242.711657,3304.752077,3237.496112,3259.040242,2303080492.0,57063453547.0
2018-12-18,3260.535478,3576.130761,3256.286666,3520.00734,2706691386.0,58833859911.0
2018-12-19,3519.644006,3671.091738,3458.156901,3671.041341,4009405531.0,61404376692.0
2018-12-20,3672.828564,3910.052395,3656.799274,3719.296166,4910794539.0,65607240817.0
2018-12-21,3716.95129,4149.982112,3701.497818,4103.258582,5608484489.0,68730841611.0
2018-12-22,4104.630083,4179.461009,3823.730152,3872.495182,5892067716.0,69795862039.0
2018-12-23,3869.320912,3986.988102,3836.166472,3985.947865,4205980838.0,67798607043.0
2018-12-24,3992.590689,4061.599528,3956.035484,3980.147519,4105611461.0,69886595332.0
2018-12-25,3974.488113,4218.506382,3974.488113,4049.134022,5069262379.0,72028764601.0
2018-12-26,4052.351427,4053.801001,3741.532556,3789.436638,4723284026.0,66450424383.0
2018-12-27,3801.990624,3872.508799,3751.58203,3833.455304,4006659136.0,66495840081.0
2018-12-28,3837.103068,3850.984987,3633.371831,3651.165346,3705806155.0,65664911394.0
2018-12-29,3642.816542,3931.006116,3637.996493,3902.734263,4067221987.0,65297366115.0
2018-12-30,3909.576362,3951.326013,3832.098961,3832.098961,4424442569.0,68132982916.0
2018-12-31,3800.906186,3885.944596,3783.46112,3863.165984,3919248135.0,66970589828.0
2019-01-01,3863.966826,3865.30944,3727.103167,3746.123953,3648742018.0,66406699584.0
2019-01-02,3747.289082,3857.66135,3720.52827,3851.181614,3433814142.0,65616965836.0
2019-01-03,3852.524626,3944.482761,3825.302832,3938.625961,3910033511.0,67529969729.0
2019-01-04,3935.381479,3935.381479,3828.512308,3843.99664,4077088833.0,67747665990.0
2019-01-05,3847.083953,3888.225089,3795.299372,3877.816632,3521627989.0,67090187664.0
2019-01-06,3876.743901,3928.925,3850.442904,3866.004564,4197364687.0,67869837649.0
2019-01-07,3868.739955,4104.080839,3846.981956,4085.907582,4003384609.0,68616058385.0
2019-01-08,4082.095636,4103.696834,4027.393341,4036.958448,4366201232.0,70825217849.0
2019-01-09,4040.426869,4109.51366,4004.648804,4030.989306,3846753571.0,70588339586.0
2019-01-10,4031.220159,4066.41072,4016.859199,4032.575391,3988908524.0,70659766859.0
2019-01-11,4032.372041,4063.30224,3656.965008,3673.215707,4556093683.0,67065341441.0
2019-01-12,3671.210547,3713.285567,3641.294105,3678.691684,4763746665.0,64390139752.0
2019-01-13,3690.429234,3697.354504,3656.99011,3668.24992,3649925423.0,64266228548.0
2019-01-14,3668.57716,3675.767877,3545.768209,3553.227143,3457204813.0,63452656417.0
2019-01-15,3555.550456,3728.417562,3552.316662,3705.942606,4486462096.0,63313095329.0
2019-01-16,3704.359604,3721.250727,3618.688647,3640.207439,5156096242.0,64404876008.0
2019-01-17,3636.621476,3710.602669,3630.80841,3658.24673,4660577413.0,63940378393.0
2019-01-18,3654.061564,3687.61674,3624.548987,3684.253015,4616526889.0,63831849028.0
2019-01-19,3682.436731,3686.295784,3632.797684,3653.185376,4651045589.0,63998003595.0
2019-01-20,3652.353731,3766.801867,3650.958251,3735.953787,3689835108.0,64957741160.0
2019-01-21,3732.314579,3746.098908,3560.543619,3583.507436,3873034471.0,63901100448.0
2019-01-22,3580.394849,3649.754616,3527.196175,3547.119997,3563557075.0,62527159654.0
2019-01-23,3547.77574,3628.570493,3476.81212,3608.383962,4101549979.0,62499016812.0
2019-01-24,3606.58775,3630.196102,3574.511563,3592.901431,4711866363.0,63051066850.0
2019-01-25,3592.856632,3627.345747,3568.758625,3601.873911,3378214502.0,62846922846.0
2019-01-26,3601.927452,3612.206202,3563.229319,3590.982706,3296210349.0,62792848072.0
2019-01-27,3591.258309,3649.321285,3584.553811,3595.147524,3233121779.0,63083643789.0
2019-01-28,3595.463473,3605.284865,3547.930412,3575.695347,3232926764.0,62714618465.0
2019-01-29,3574.356432,3574.356432,3427.06151,3462.059067,3861302295.0,60865149518.0
2019-01-30,3459.942105,3467.838292,3392.538497,3438.806393,3953321271.0,60116952599.0
2019-01-31,3437.332067,3480.918096,3418.857282,3470.82826,3858199435.0,60533018566.0
2019-02-01,3468.567305,3489.921013,3431.555778,3447.812769,3724578166.0,60479604544.0
2019-02-02,3444.921907,3480.373584,3411.83514,3474.400614,3256397944.0,60405667950.0
2019-02-03,3471.274685,3502.072823,3445.452967,3502.072823,2966701131.0,60670499449.0
2019-02-04,3498.020425,3499.461532,3432.582851,3451.480647,2976985222.0,60692509793.0
2019-02-05,3453.00865,3508.056357,3434.03328,3453.032184,3197948102.0,60519994916.0
2019-02-06,3452.862403,3471.534749,3419.747401,3463.442822,3263936607.0,60530561135.0
2019-02-07,3461.934373,3466.818452,3391.965468,3405.558944,3276428017.0,59794070481.0
2019-02-08,3406.912628,3424.17902,3366.804929,3382.947414,3172882606.0,59547115263.0
2019-02-09,3384.36899,3703.010371,3374.51785,3632.621064,3699125550.0,60854294841.0
2019-02-10,3634.17951,3651.233257,3615.181021,3648.622398,4816337562.0,63679817043.0
2019-02-11,3648.638906,3664.267251,3608.204418,3663.532767,3568337039.0,63662199519.0
2019-02-12,3666.346751,3666.346751,3606.968337,3615.96957,3825671006.0,63473419494.0
2019-02-13,3616.569553,3627.239485,3581.120207,3608.145569,3762188026.0,63134249876.0
2019-02-14,3605.359539,3632.689011,3578.404056,3590.146721,4162249066.0,63129983387.0
2019-02-15,3589.190871,3611.07042,3569.897913,3577.37136,3892246586.0,62896435206.0
2019-02-16,3576.13203,3626.918549,3568.106289,3596.820722,3212862424.0,62983534860.0
2019-02-17,3596.03069,3660.517482,3590.467025,3599.138222,3356391568.0,63260834288.0
2019-02-18,3598.14804,3637.774896,3577.45098,3630.269019,3355410897.0,63155392542.0
2019-02-19,3628.785108,3891.033233,3622.629504,3858.949361,5319393066.0,65846716577.0
2019-02-20,3859.020359,3958.537956,3851.725896,3893.270397,7132811992.0,68403436337.0
2019-02-21,3894.114707,3951.681707,3873.881505,3918.389586,6006841480.0,68550255059.0
2019-02-22,3918.183728,3956.247605,3881.828977,3894.540736,5511697634.0,68510501929.0
2019-02-23,3897.190164,3972.31771,3820.820279,3970.590294,5345237781.0,68785578127.0
2019-02-24,3968.320638,4143.211868,3938.935169,4123.668789,5993819034.0,70198023840.0
2019-02-25,4123.504873,4172.083234,3784.637179,3807.506664,7968911492.0,70438655319.0
2019-02-26,3808.473252,3892.454871,3804.104099,3868.161644,8314405155.0,67512079933.0
2019-02-27,3866.383457,3870.314695,3820.217154,3842.992707,6678465743.0,67504500386.0
2019-02-28,3844.368123,3867.840124,3785.188774,3841.615656,5619005741.0,67492550623.0
2019-03-01,3839.013237,3886.919618,3817.058024,3845.258313,6383018982.0,67524517742.0
2019-03-02,3844.921366,3861.178589,3825.991124,3834.29029,5864825754.0,67547876583.0
2019-03-03,3832.522165,3862.221584,3809.453704,3848.655865,5447071839.0,67451985856.0
2019-03-04,3845.48371,3898.093997,3827.076616,3881.076222,5447909338.0,67674260304.0
2019-03-05,3879.96473,3919.146062,3733.917482,3755.244534,6433983663.0,66481344993.0
2019-03-06,3767.755779,3875.959895,3738.436474,3855.002805,7223804195.0,66871679335.0
2019-03-07,3857.628118,3883.832332,3839.91872,3873.668096,7747260333.0,67853817218.0
2019-03-08,3873.817022,3911.32132,3864.757248,3888.248904,7068518207.0,68389529261.0
2019-03-09,3888.634932,3915.224522,3854.308002,3872.141156,7471167904.0,68455823439.0
2019-03-10,3872.914025,3941.820809,3866.931805,3931.895283,7940967853.0,68632942257.0
2019-03-11,3932.190275,3932.190275,3882.908898,3902.806463,7402567149.0,68630276307.0
2019-03-12,3900.462788,3912.109686,3855.221925,3879.103312,7052643190.0,68260444444.0
2019-03-13,3882.34788,3925.106802,3845.307654,3901.113915,7663407757.0,68498276267.0
2019-03-14,3903.837482,3914.368484,3879.6442,3895.619863,7384926003.0,68559756176.0
2019-03-15,3896.6718,3924.174554,3883.217836,3900.376687,7576546206.0,68594118247.0
2019-03-16,3897.14308,3947.511201,3892.042261,3928.041329,8017629320.0,68905538082.0
2019-03-17,3939.145757,4051.957711,3939.145757,4024.229285,7722720660.0,70565455877.0
2019-03-18,4022.969398,4036.719226,3982.223906,4007.16692,6292934445.0,70469401196.0
2019-03-19,4008.284984,4046.607041,3975.356199,4020.470962,6488791546.0,70577660288.0
2019-03-20,4016.77538,4048.747969,4005.38086,4039.787114,6570358756.0,70848433871.0
2019-03-21,4036.494784,4078.511718,4012.040946,4075.319877,6972695206.0,71028307327.0
2019-03-22,4079.189802,4093.784724,4004.765644,4024.283202,7547057322.0,71371015462.0
2019-03-23,4021.931407,4031.364278,4013.348777,4017.939706,7201655912.0,70821862182.0
2019-03-24,4019.754261,4043.791033,4013.495429,4034.593702,6780074592.0,70907079961.0
2019-03-25,4033.555246,4080.429132,4012.282392,4024.480056,6725878926.0,70952645246.0
2019-03-26,4023.328815,4038.832775,3944.469302,3969.701717,6944311054.0,70620139355.0
2019-03-27,3968.279257,3987.170102,3954.053909,3980.620043,7619066425.0,69963093214.0
2019-03-28,3982.614679,4070.654525,3979.218922,4069.689197,8742943136.0,71135693820.0
2019-03-29,4062.825098,4082.483911,4034.840681,4061.003062,8505501000.0,71537752043.0
2019-03-30,4061.601587,4143.060869,4049.326845,4128.954216,8374378124.0,72241666334.0
2019-03-31,4130.010064,4185.98695,4111.496748,4164.62132,8325065859.0,73064228989.0
2019-04-01,4166.3258,4210.954138,4154.548283,4202.588398,7198090849.0,73555425133.0
2019-04-02,4199.61744,4229.129951,4184.983266,4202.12515,7908248778.0,74111589591.0
2019-04-03,4200.878649,4915.319704,4199.353305,4888.060145,13775711440.0,82056687695.0
2019-04-04,4887.759498,5277.183264,4887.759498,4981.380899,19127508757.0,88391800710.0
2019-04-05,4971.06089,5055.964735,4847.159233,4924.082434,18855926363.0,87702694242.0
2019-04-06,4926.403081,5043.520307,4922.061606,5029.810426,14519514536.0,87820060637.0
2019-04-07,5030.633756,5209.789828,4986.648573,5066.740036,12362742813.0,89025260544.0
2019-04-08,5066.362965,5244.165847,5066.362965,5212.309923,13686230210.0,90801148617.0
2019-04-09,5213.650121,5330.055098,5129.111525,5303.985429,14625045142.0,92790837421.0
2019-04-10,5300.612112,5300.612112,5190.414108,5235.702336,13296916759.0,92503923214.0
2019-04-11,5230.089594,5438.076806,5222.799901,5334.165462,11882218009.0,93420224932.0
2019-04-12,5339.754555,5360.792183,5033.265192,5055.483612,13805935888.0,90910170843.0
2019-04-13,5051.496177,5139.184727,4980.706447,5090.026913,13280752283.0,89654032272.0
2019-04-14,5089.804112,5168.632419,5081.413415,5132.674495,11589436402.0,90555419468.0
2019-04-15,5130.872758,5198.607003,5089.297332,5187.562408,9988617584.0,90502450270.0
2019-04-16,5190.134975,5232.131072,5068.359413,5114.800176,11043323425.0,91403037276.0
2019-04-17,5110.364743,5285.269355,5083.122626,5280.621478,11228915692.0,91019291252.0
2019-04-18,5274.409619,5309.767053,5247.411896,5271.109695,11718122917.0,92998442173.0
2019-04-19,5271.352176,5330.74755,5268.381876,5309.256996,11063569340.0,93467190506.0
2019-04-20,5308.334719,5349.185233,5253.519639,5317.96215,10722417915.0,93456046169.0
2019-04-21,5318.985321,5372.559483,5314.995062,5363.756655,12081570828.0,94407709108.0
2019-04-22,5365.439861,5381.725475,5296.630795,5349.866311,12438521689.0,94276486623.0
2019-04-23,5347.870262,5438.056152,5319.583955,5417.509437,12928762753.0,94605807380.0
2019-04-24,5421.273442,5636.994562,5410.562408,5591.933563,14955243755.0,98301997366.0
2019-04-25,5585.462132,5660.855011,5456.808248,5484.270138,15812762052.0,97833538670.0
2019-04-26,5489.658213,5535.815359,5241.366292,5241.366292,14540868075.0,96673539421.0
2019-04-27,5247.231158,5339.668147,5154.398777,5264.272698,15303879601.0,92930968587.0
2019-04-28,5272.048284,5306.450168,5233.559329,5274.514196,12999036803.0,93095675824.0
2019-04-29,5277.479654,5322.308489,5241.079211,5293.938256,11224137757.0,93558725514.0
2019-04-30,5296.546936,5332.087294,5216.487916,5258.677411,11817924324.0,93271178253.0
2019-05-01,5258.596118,5366.90762,5153.652014,5305.984482,12966428693.0,93251443222.0
2019-05-02,5306.244504,5400.462953,5298.148059,5388.818933,12587501075.0,94665895843.0
2019-05-03,5390.886922,5516.518746,5223.551019,5485.782605,12039530253.0,96371996506.0
2019-05-04,5483.869227,5831.5651,5475.473832,5734.732074,14648002410.0,100000000000.0
2019-05-05,5731.170083,5855.322771,5625.471506,5820.358392,15504428302.0,102000000000.0
2019-05-06,5819.009881,5822.576221,5714.366264,5779.333069,14352891358.0,102000000000.0
2019-05-07,5772.581489,5782.449597,5653.180375,5742.76254,13146879015.0,101000000000.0
2019-05-08,5740.528084,5992.98965,5739.282097,5855.204284,11666659861.0,105000000000.0
2019-05-09,5835.957517,5973.935496,5798.867413,5973.935496,10256612132.0,104000000000.0
2019-05-10,5973.099793,6196.673171,5973.099793,6187.660821,10212135035.0,108000000000.0
2019-05-11,6184.921254,6429.716712,6174.133218,6386.69149,12050097749.0,112000000000.0
2019-05-12,6393.002586,7342.598761,6391.28017,7235.877636,21851165450.0,120000000000.0
2019-05-13,7201.642618,7510.847161,6844.126065,6992.035884,27817884903.0,127000000000.0
2019-05-14,7010.551665,8054.538414,6941.761153,7813.193116,23280120724.0,131000000000.0
2019-05-15,7797.739234,8260.695889,7711.297934,8028.236494,26411583702.0,141000000000.0
2019-05-16,8002.661524,8181.247379,7867.372971,8181.247379,24854975387.0,142000000000.0
2019-05-17,8145.555621,8318.802551,7795.804841,7918.875905,26901315142.0,142000000000.0
2019-05-18,7923.051339,7961.083269,7083.264993,7382.337789,24863829847.0,130000000000.0
2019-05-19,7393.579773,7511.650426,7295.380303,7332.609911,20358130230.0,131000000000.0
2019-05-20,7328.418963,8237.723664,7328.418963,8186.662732,18965835929.0,140000000000.0
2019-05-21,8172.974802,8172.974802,7715.421068,8004.459954,19473852817.0,140000000000.0
2019-05-22,8004.576724,8090.522839,7864.922724,7984.314133,18657102217.0,141000000000.0
2019-05-23,7965.942975,8010.772118,7731.159044,7744.861887,17943842531.0,140000000000.0
2019-05-24,7730.828703,7987.269267,7579.508192,7919.729554,18641365509.0,137000000000.0
2019-05-25,7922.301227,8134.670181,7858.212311,8021.477876,17941265220.0,142000000000.0
2019-05-26,8023.417667,8137.406251,7991.341944,8104.732046,18344447275.0,143000000000.0
2019-05-27,8101.121878,8762.008201,7971.658538,8736.628564,16480490605.0,145000000000.0
2019-05-28,8751.573177,8969.151505,8652.925344,8857.096556,24518403982.0,156000000000.0
2019-05-29,8836.762648,8849.546725,8647.460499,8721.615742,22507477393.0,155000000000.0
2019-05-30,8719.961736,8766.059975,8549.555401,8672.985373,20269010723.0,154000000000.0
2019-05-31,8669.269147,8991.454183,8306.12195,8380.8684,21699755032.0,154000000000.0
2019-06-01,8333.864738,8613.058556,8217.012518,8606.278615,24501009081.0,149000000000.0
2019-06-02,8599.053486,8634.384312,8522.977232,8596.109824,20501225810.0,152000000000.0
2019-06-03,8598.785002,8806.181717,8586.830125,8781.231373,18710649784.0,154000000000.0
2019-06-04,8771.296313,8771.296313,8362.955081,8362.955081,18154175843.0,153000000000.0
2019-06-05,8341.434666,8341.434666,7651.972247,7760.011058,20969240897.0,142000000000.0
2019-06-06,7768.517748,7919.574241,7714.461246,7860.506171,19825003010.0,139000000000.0
2019-06-07,7863.512302,7913.658343,7623.1769,7846.273224,16990627607.0,139000000000.0
2019-06-08,7840.578081,8116.890096,7801.596204,8070.900978,17246216211.0,141000000000.0
2019-06-09,8060.736272,8096.736821,7883.568612,7974.683977,15038837206.0,142000000000.0
2019-06-10,7979.720899,8001.182589,7713.072534,7750.808728,14008185776.0,140000000000.0
2019-06-11,7752.220273,8050.146086,7635.914554,8000.570019,15727304862.0,140000000000.0
2019-06-12,8014.897947,8025.319292,7817.896082,7962.75633,15541222889.0,141000000000.0
2019-06-13,7969.985302,8191.895037,7900.587729,8159.590369,15774624963.0,143000000000.0
2019-06-14,8174.400584,8368.744386,8135.076369,8286.913174,15422325293.0,146000000000.0
2019-06-15,8291.198962,8734.6246,8253.963496,8696.970843,16288944560.0,149000000000.0
2019-06-16,8708.232513,8880.232843,8651.785868,8859.597054,16984569783.0,155000000000.0
2019-06-17,8861.692265,9391.965327,8839.579216,9025.723642,18436066644.0,162000000000.0
2019-06-18,9026.522572,9403.695556,9026.522572,9328.082236,18094529601.0,164000000000.0
2019-06-19,9341.199475,9353.320567,9042.990003,9125.090764,18912820365.0,163000000000.0
2019-06-20,9129.651002,9328.237786,9111.404748,9311.883212,17298750491.0,163000000000.0
2019-06-21,9310.1569,9634.463338,9299.436433,9589.390555,16672354916.0,167000000000.0
2019-06-22,9590.208225,10162.2037,9590.208225,10162.2037,20625984836.0,175000000000.0
2019-06-23,10227.36238,11154.8783,10128.35714,10719.8078,28282491558.0,191000000000.0
2019-06-24,10717.06274,11204.171,10585.08373,10880.05131,25456978245.0,192000000000.0
2019-06-25,10899.11459,11072.75338,10679.37284,11013.9636,21896313109.0,193000000000.0
2019-06-26,11013.87519,11810.12783,11013.87519,11810.12783,22324164886.0,202000000000.0
2019-06-27,11794.47001,13967.86228,11772.13419,13112.78254,34129035518.0,227000000000.0
2019-06-28,13141.89675,13444.81141,10574.65432,11237.07665,44905142219.0,213000000000.0
2019-06-29,11297.15806,12529.344,11019.35626,12482.40996,41124037816.0,210000000000.0
2019-06-30,12492.97625,12492.97625,11653.20882,12097.56779,30639783683.0,214000000000.0
2019-07-01,12106.21907,12309.50128,10912.25593,10912.25593,25096318919.0,207000000000.0
2019-07-02,10908.29666,11294.556,10097.19602,10638.00327,26320633200.0,192000000000.0
2019-07-03,10635.866,10910.54269,9778.404061,10818.18812,28317668492.0,184000000000.0
2019-07-04,10839.72497,11943.62984,10839.72497,11943.62984,28538254834.0,202000000000.0
2019-07-05,11953.64875,11992.49625,11178.99898,11221.25556,26219102230.0,209000000000.0
2019-07-06,11216.01505,11388.09821,10872.02247,10980.08333,23396188923.0,199000000000.0
2019-07-07,10997.05722,11630.40959,10997.05722,11266.40134,21458791318.0,203000000000.0
2019-07-08,11279.68694,11550.67193,11174.75817,11441.6227,18626823366.0,202000000000.0
2019-07-09,11450.35993,12297.06016,11358.0173,12248.87413,19668175502.0,209000000000.0
2019-07-10,12243.71955,12763.92909,12186.13936,12545.44522,25893451653.0,222000000000.0
2019-07-11,12557.93153,13101.37423,11718.18175,12147.69776,28216117506.0,225000000000.0
2019-07-12,12124.38979,12124.38979,11143.89031,11376.67939,31764845898.0,207000000000.0
2019-07-13,11385.97704,11850.91675,11187.86064,11776.08244,26435460615.0,206000000000.0
2019-07-14,11776.78111,11805.29147,10946.069,11397.16143,20445438957.0,204000000000.0
2019-07-15,11394.8407,11458.26953,10288.85312,10288.85312,21875939390.0,195000000000.0
2019-07-16,10227.4175,11029.55392,10041.93258,10885.58845,25212827648.0,186000000000.0
2019-07-17,10857.07941,10996.63559,9448.365403,9499.558669,22885732736.0,185000000000.0
2019-07-18,9450.35604,9922.435906,9134.258911,9643.714736,27039875822.0,171000000000.0
2019-07-19,9677.323024,10701.62325,9364.276558,10629.02333,25669828327.0,179000000000.0
2019-07-20,10631.69339,10696.43423,10225.69404,10511.69548,24758188145.0,186000000000.0
2019-07-21,10516.58016,11025.85731,10437.69511,10764.70085,20201960907.0,190000000000.0
2019-07-22,10746.43338,10808.75819,10362.64816,10596.3557,18416083690.0,189000000000.0
2019-07-23,10592.21724,10654.54999,10175.29531,10338.58841,16471991873.0,187000000000.0
2019-07-24,10346.1903,10346.1903,9878.81553,9916.381214,17300369515.0,180000000000.0
2019-07-25,9878.522291,9919.107224,9600.322776,9807.414231,17530908626.0,173000000000.0
2019-07-26,9782.593813,10149.16496,9767.12992,9904.696184,17073063493.0,179000000000.0
2019-07-27,9902.672559,9902.672559,9712.555672,9845.987422,14591296767.0,175000000000.0
2019-07-28,9841.276385,10143.10419,9422.807598,9464.997729,15513188410.0,174000000000.0
2019-07-29,9493.990306,9588.298626,9262.952718,9545.094701,13710929707.0,170000000000.0
2019-07-30,9550.402969,9681.389067,9484.519081,9533.58041,14869050392.0,171000000000.0
2019-07-31,9530.152925,9691.960963,9439.241218,9581.211678,13292546258.0,171000000000.0
2019-08-01,9587.87287,10080.08612,9578.650928,10080.08612,14733945730.0,176000000000.0
2019-08-02,10084.11057,10413.40493,9918.18455,10365.98473,15574445805.0,180000000000.0
2019-08-03,10369.53125,10639.94526,10334.61688,10523.94638,16564062363.0,187000000000.0
2019-08-04,10518.06654,10884.26758,10498.51909,10806.81707,16337356060.0,192000000000.0
2019-08-05,10813.82497,10986.00769,10606.24675,10948.18762,14938219500.0,193000000000.0
2019-08-06,10930.66246,11859.16927,10930.66246,11782.65214,23155275142.0,207000000000.0
2019-08-07,11761.23481,12193.90832,11277.73451,11497.06268,23990902866.0,210000000000.0
2019-08-08,11482.91649,12066.94731,11420.59718,11976.65483,22446298528.0,209000000000.0
2019-08-09,11956.41347,12019.25536,11578.31875,12019.25536,22377247560.0,211000000000.0
2019-08-10,11996.2001,12009.137,11700.38583,11857.84447,19543454030.0,211000000000.0
2019-08-11,11857.75876,11925.96323,11295.23414,11342.4686,18152460610.0,207000000000.0
2019-08-12,11328.6016,11555.7759,11217.13714,11555.7759,16761977263.0,204000000000.0
2019-08-13,11570.90207,11570.90207,11334.78696,11398.76219,14849455069.0,204000000000.0
2019-08-14,11405.01774,11439.04767,10839.20078,10920.98031,14728525096.0,200000000000.0
2019-08-15,10901.10575,10901.10575,10008.25286,10010.24994,20326697834.0,188000000000.0
2019-08-16,10053.5127,10430.67482,9615.263887,10296.60027,24657040358.0,179000000000.0
2019-08-17,10300.39006,10501.6722,9811.90585,10344.50799,22782309790.0,183000000000.0
2019-08-18,10342.09338,10450.07817,10076.20682,10220.07017,17156270392.0,184000000000.0
2019-08-19,10227.39831,10474.36568,10117.35836,10331.46711,14018174108.0,184000000000.0
2019-08-20,10330.50376,10890.2538,10291.53618,10890.2538,15091312056.0,190000000000.0
2019-08-21,10894.11375,10916.48803,10594.41277,10751.85732,15784606737.0,192000000000.0
2019-08-22,10748.78989,10780.26517,9975.001334,10136.96462,17688173022.0,183000000000.0
2019-08-23,10147.41929,10220.76887,9832.563492,10123.99448,18756324937.0,180000000000.0
2019-08-24,10115.1509,10424.05597,10069.59753,10385.50755,14653621442.0,183000000000.0
2019-08-25,10386.45881,10407.50309,9968.71809,10142.8394,14449223410.0,182000000000.0
2019-08-26,10139.41304,10298.29611,10003.48349,10118.39958,13517731621.0,181000000000.0
2019-08-27,10150.61772,10556.07252,10150.61772,10374.87662,17164867545.0,185000000000.0
2019-08-28,10380.72032,10380.72032,10090.22921,10219.41337,15703309765.0,183000000000.0
2019-08-29,10206.41898,10270.52224,9691.877126,9759.791528,15221292002.0,180000000000.0
2019-08-30,9755.83922,9755.83922,9388.612159,9493.755389,20617835158.0,171000000000.0
2019-08-31,9499.878802,9640.946925,9409.399994,9582.255358,16140852543.0,171000000000.0
2019-09-01,9588.047563,9657.900632,9501.605978,9609.787647,14425731110.0,172000000000.0
2019-09-02,9607.181476,9759.435329,9566.218394,9716.72191,11427639954.0,172000000000.0
2019-09-03,9719.555389,10399.88566,9716.073543,10329.85905,14047005765.0,177000000000.0
2019-09-04,10328.87321,10727.32777,10279.70414,10603.09546,20169687097.0,188000000000.0
2019-09-05,10586.04149,10766.86035,10405.0457,10578.32021,19392131164.0,189000000000.0
2019-09-06,10570.59894,10624.40247,10503.8661,10574.49954,17860080130.0,189000000000.0
2019-09-07,10571.99189,10887.87425,10259.58924,10339.45563,17760403182.0,191000000000.0
2019-09-08,10317.83283,10530.94637,10315.2287,10477.09484,18960923057.0,187000000000.0
2019-09-09,10470.34108,10572.52036,10326.63608,10410.18764,15786963429.0,187000000000.0
2019-09-10,10408.89018,10442.76118,10135.67689,10322.05761,16277428931.0,185000000000.0
2019-09-11,10315.9265,10382.4894,10012.01296,10132.5448,16619929906.0,184000000000.0
2019-09-12,10124.2848,10204.34252,9973.087326,10159.72047,16657146339.0,181000000000.0
2019-09-13,10162.81818,10430.54929,10068.62141,10387.51484,16347803276.0,183000000000.0
2019-09-14,10406.99906,10423.77425,10193.3349,10346.59919,15002494698.0,185000000000.0
2019-09-15,10344.9184,10420.20005,10273.60958,10353.5498,13898257972.0,185000000000.0
2019-09-16,10349.13269,10368.31104,10283.33182,10313.44353,13739377464.0,185000000000.0
2019-09-17,10314.92992,10362.12249,10147.91192,10268.65798,13123396167.0,184000000000.0
2019-09-18,10273.27752,10273.27752,10171.82514,10208.16582,15064900672.0,183000000000.0
2019-09-19,10210.08059,10252.14147,10149.69344,10164.1019,16142256176.0,183000000000.0
2019-09-20,10161.16398,10261.57549,9781.984662,10241.6088,18012950601.0,179000000000.0
2019-09-21,10238.55457,10255.15857,10112.37881,10179.86223,17567944594.0,183000000000.0
2019-09-22,10176.71511,10180.77682,9977.08451,10006.06533,14315188552.0,181000000000.0
2019-09-23,10002.15061,10070.52032,9876.651282,10050.18754,13655833633.0,179000000000.0
2019-09-24,10038.94794,10047.49588,9696.20408,9719.397019,13850095066.0,178000000000.0
2019-09-25,9721.510104,9792.64952,8137.460768,8588.424906,18185819269.0,170000000000.0
2019-09-26,8553.72895,8743.916534,8270.461934,8439.84619,27962840288.0,152000000000.0
2019-09-27,8438.845674,8457.814133,7871.665874,8077.936354,19967083144.0,148000000000.0
2019-09-28,8075.4011,8239.784966,7909.344811,8183.569872,19787032948.0,145000000000.0
2019-09-29,8184.574473,8227.632773,8048.83381,8208.595988,15915683881.0,147000000000.0
2019-09-30,8209.160822,8222.00628,7955.684336,8068.668738,14168854496.0,145000000000.0
2019-10-01,8062.303348,8282.996851,7773.497354,8269.028682,15981733907.0,145000000000.0
2019-10-02,8286.791706,8477.499526,8200.939202,8294.743597,16884676152.0,150000000000.0
2019-10-03,8299.647676,8361.919233,8179.062792,8361.919233,14388816765.0,148000000000.0
2019-10-04,8355.824455,8379.401244,8105.824458,8232.129998,13113453371.0,148000000000.0
2019-10-05,8229.143723,8229.143723,8075.794879,8155.655359,13744039776.0,146000000000.0
2019-10-06,8151.390497,8163.928569,8044.380024,8130.134393,12177117327.0,146000000000.0
2019-10-07,8132.042462,8146.147352,7850.254888,7876.455218,12147006811.0,144000000000.0
2019-10-08,7884.202457,8276.593674,7819.252218,8196.15196,15412261526.0,144000000000.0
2019-10-09,8193.897663,8311.881017,8134.994324,8189.796865,17158691138.0,148000000000.0
2019-10-10,8182.596584,8627.959232,8128.889729,8572.837276,16434316987.0,150000000000.0
2019-10-11,8566.6565,8626.435858,8451.919833,8556.950238,19365691564.0,154000000000.0
2019-10-12,8559.836002,8712.408923,8272.024051,8272.024051,18640375940.0,151000000000.0
2019-10-13,8274.654085,8386.981475,8274.654085,8314.921537,15846192935.0,150000000000.0
2019-10-14,8310.145411,8435.447811,8246.244359,8294.599727,12414944134.0,150000000000.0
2019-10-15,8289.073815,8363.63114,8237.658241,8347.201506,13897961307.0,149000000000.0
2019-10-16,8348.315576,8386.856511,8144.317721,8174.781558,14132500732.0,149000000000.0
2019-10-17,8174.179979,8182.888776,7951.452174,8008.809279,14890138553.0,145000000000.0
2019-10-18,8003.417786,8112.721654,7948.820153,8075.178241,14962001431.0,145000000000.0
2019-10-19,8073.200475,8108.729808,7880.418128,7955.464771,14689333202.0,143000000000.0
2019-10-20,7952.31,8026.427782,7916.211745,7950.124308,13469121764.0,143000000000.0
2019-10-21,7954.616127,8254.275408,7900.438614,8202.005473,13689730160.0,144000000000.0
2019-10-22,8211.3414,8269.43758,8162.813049,8212.771665,15370372085.0,148000000000.0
2019-10-23,8215.031227,8278.600259,8027.920376,8040.006229,15044562473.0,148000000000.0
2019-10-24,8036.487927,8052.26433,7398.577412,7469.521063,17812755886.0,140000000000.0
2019-10-25,7480.706886,7500.371453,7377.740725,7440.037915,18981331416.0,134000000000.0
2019-10-26,7432.693138,8678.88228,7421.365392,8651.13445,18738952734.0,142000000000.0
2019-10-27,8652.608009,10112.45209,8651.282624,9235.929531,46466597085.0,167000000000.0
2019-10-28,9235.005228,9722.660858,9096.936235,9544.094411,33550698245.0,169000000000.0
2019-10-29,9535.718921,9820.904166,9234.267439,9234.267439,35593127803.0,170000000000.0
2019-10-30,9232.769631,9503.154821,9195.925004,9411.885318,28823080713.0,169000000000.0
2019-10-31,9408.955443,9408.955443,9041.091175,9162.391745,27636488312.0,166000000000.0
2019-11-01,9155.155924,9326.323804,8977.505325,9154.923648,24122194386.0,165000000000.0
2019-11-02,9147.03537,9259.64492,9061.564215,9225.753942,23423542843.0,165000000000.0
2019-11-03,9229.521818,9337.917917,9206.694125,9290.257019,21641092219.0,167000000000.0
2019-11-04,9289.892888,9353.715863,9106.312351,9205.743201,19491017666.0,166000000000.0
2019-11-05,9201.271373,9465.447837,9140.776085,9389.905541,20013705970.0,167000000000.0
2019-11-06,9383.924655,9427.610415,9199.030247,9311.283797,25633993748.0,168000000000.0
2019-11-07,9305.755651,9407.765235,9264.370002,9329.520807,22773683291.0,168000000000.0
2019-11-08,9320.858527,9351.507682,9154.517522,9219.011987,21386732951.0,167000000000.0
2019-11-09,9217.490864,9252.359776,8741.358472,8791.640946,22392277632.0,162000000000.0
2019-11-10,8790.379451,8878.660849,8761.105475,8818.432264,20903331342.0,159000000000.0
2019-11-11,8814.218854,9084.836687,8769.040651,9043.004449,18865154159.0,160000000000.0
2019-11-12,9037.812387,9064.516857,8657.677709,8732.154123,21474225431.0,159000000000.0
2019-11-13,8737.614064,8823.837603,8630.703843,8801.603779,18549053911.0,158000000000.0
2019-11-14,8807.509312,8807.509312,8727.530744,8785.801623,18311776805.0,158000000000.0
2019-11-15,8783.686953,8794.527283,8620.686438,8662.422431,18018026601.0,157000000000.0
2019-11-16,8659.294178,8726.808563,8450.877864,8474.539002,19571089078.0,155000000000.0
2019-11-17,8477.049472,8524.798061,8457.825819,8497.411045,18266153675.0,153000000000.0
2019-11-18,8498.554736,8591.874089,8420.023738,8503.049435,16068981644.0,154000000000.0
2019-11-19,8504.159202,8504.159202,8177.459129,8211.789693,18122849024.0,152000000000.0
2019-11-20,8204.164187,8216.662931,8043.453752,8134.76958,21641717591.0,147000000000.0
2019-11-21,8138.290662,8179.756406,8066.844847,8097.187492,18743906406.0,147000000000.0
2019-11-22,8101.95212,8126.008723,7574.878248,7631.016803,19580512635.0,142000000000.0
2019-11-23,7632.87377,7688.688082,6915.817984,7290.351828,28409580486.0,133000000000.0
2019-11-24,7278.817251,7332.279035,7108.065159,7316.797515,28070277490.0,131000000000.0
2019-11-25,7310.162693,7325.983704,6932.313157,6932.313157,19688077433.0,129000000000.0
2019-11-26,6931.499194,7345.91293,6583.225112,7133.946458,28072860618.0,126000000000.0
2019-11-27,7126.953914,7312.507516,7058.832882,7169.264738,25274129965.0,129000000000.0
2019-11-28,7161.296598,7628.132238,6885.235982,7502.033156,21528088249.0,131000000000.0
2019-11-29,7514.018761,7616.178611,7405.172244,7442.795358,23196231679.0,136000000000.0
2019-11-30,7434.173194,7797.008351,7431.608269,7740.415549,19637751266.0,137000000000.0
2019-12-01,7743.650338,7776.992171,7481.732584,7548.613483,18558072917.0,138000000000.0
2019-12-02,7551.709861,7551.709861,7276.632369,7417.184162,19448581691.0,133000000000.0
2019-12-03,7405.658938,7419.104008,7209.443282,7315.108657,17497508155.0,132000000000.0
2019-12-04,7307.988592,7384.127711,7267.859219,7300.208311,14980928828.0,132000000000.0
2019-12-05,7297.072604,7551.495024,7118.390082,7216.456163,17283223592.0,132000000000.0
2019-12-06,7200.13978,7456.145389,7188.051036,7386.510063,21771942873.0,132000000000.0
2019-12-07,7388.417904,7532.610987,7328.711289,7532.610987,18201556007.0,134000000000.0
2019-12-08,7529.891568,7571.745152,7488.402965,7496.125958,17516422533.0,136000000000.0
2019-12-09,7495.49807,7544.0786,7395.935569,7516.676668,14839255940.0,135000000000.0
2019-12-10,7511.276363,7580.073106,7315.434945,7350.418118,15758507373.0,135000000000.0
2019-12-11,7348.373908,7388.386963,7191.154971,7233.814525,18266169084.0,132000000000.0
2019-12-12,7227.631557,7265.968523,7161.674785,7199.716155,16414726727.0,131000000000.0
2019-12-13,7204.510776,7251.319703,7122.427523,7202.460793,16462585928.0,130000000000.0
2019-12-14,7197.053043,7289.915898,7195.239547,7255.126877,14598717509.0,131000000000.0
2019-12-15,7257.669869,7268.67904,7035.598502,7078.955219,14111391072.0,130000000000.0
2019-12-16,7072.383785,7155.337433,7026.946126,7120.922418,14644394191.0,128000000000.0
2019-12-17,7118.479133,7138.605286,6859.198078,6902.888388,14930223069.0,127000000000.0
2019-12-18,6898.577591,6925.012567,6589.119305,6624.129258,17871010704.0,123000000000.0
2019-12-19,6621.87189,7310.394958,6455.524826,7275.754884,23544326242.0,122000000000.0
2019-12-20,7270.845254,7335.823832,7059.44913,7150.376098,27989461215.0,129000000000.0
2019-12-21,7149.884817,7210.140664,7098.240014,7185.155244,19090224845.0,129000000000.0
2019-12-22,7189.186326,7189.186326,7130.787126,7138.888884,17216556748.0,129000000000.0
2019-12-23,7140.320262,7482.961456,7130.735076,7482.961456,15859553797.0,131000000000.0
2019-12-24,7492.450298,7664.109375,7292.652163,7329.609334,23553693248.0,136000000000.0
2019-12-25,7327.790252,7408.11847,7180.371933,7240.620333,21901304372.0,132000000000.0
2019-12-26,7259.115864,7263.235588,7146.059773,7205.380688,18541417894.0,131000000000.0
2019-12-27,7206.513103,7407.990908,7170.482251,7211.341194,17261944405.0,131000000000.0
2019-12-28,7209.301104,7260.341054,7111.398497,7246.422425,20987495731.0,130000000000.0
2019-12-29,7248.512129,7347.520016,7242.85338,7312.04457,19186434309.0,132000000000.0
2019-12-30,7312.006786,7487.899094,7257.396558,7386.37606,18316582002.0,133000000000.0
2019-12-31,7388.393119,7397.633413,7234.181931,7245.988923,20205730609.0,132000000000.0
2020-01-01,7245.200685,7300.392728,7155.958221,7202.624251,19231685731.0,131000000000.0
2020-01-02,7196.614648,7252.034228,7182.140636,7213.918462,17174701193.0,131000000000.0
2020-01-03,7214.705283,7222.856261,6953.660848,6968.274896,16978615552.0,128000000000.0
2020-01-04,6967.511073,7384.887333,6891.532175,7317.184074,23323885156.0,131000000000.0
2020-01-05,7324.098145,7373.794397,7290.638622,7358.491964,22091911757.0,133000000000.0
2020-01-06,7356.75913,7475.155226,7341.456686,7352.362745,18782091517.0,134000000000.0
2020-01-07,7361.7126,7764.21795,7357.585483,7764.21795,20385990288.0,136000000000.0
2020-01-08,7751.389284,8173.268895,7751.389284,8155.216395,26898528961.0,143000000000.0
2020-01-09,8152.750894,8431.806289,7889.175446,8055.759827,32572235031.0,149000000000.0
2020-01-10,8047.810852,8047.810852,7781.210634,7829.06324,27423415908.0,143000000000.0
